0,../texture/rpg-pack/tiles/generic-rpg-Slice.png
1,../texture/rpg-pack/tiles/generic-rpg-tile-waterfall01.png
2,../texture/rpg-pack/tiles/generic-rpg-tile-waterfall02.png
3,../texture/rpg-pack/tiles/generic-rpg-tile-waterfall03.png
4,../texture/rpg-pack/tiles/generic-rpg-tile-waterfall04.png
5,../texture/rpg-pack/tiles/generic-rpg-tile-waterfall05.png
6,../texture/rpg-pack/tiles/generic-rpg-tile-waterfall06.png
7,../texture/rpg-pack/tiles/generic-rpg-tile-waterfall07.png
8,../texture/rpg-pack/tiles/generic-rpg-tile01.png
9,../texture/rpg-pack/tiles/generic-rpg-tile02.png
10,../texture/rpg-pack/tiles/generic-rpg-tile03.png
11,../texture/rpg-pack/tiles/generic-rpg-tile04.png
12,../texture/rpg-pack/tiles/generic-rpg-tile05.png
13,../texture/rpg-pack/tiles/generic-rpg-tile06.png
14,../texture/rpg-pack/tiles/generic-rpg-tile07.png
15,../texture/rpg-pack/tiles/generic-rpg-tile08.png
16,../texture/rpg-pack/tiles/generic-rpg-tile09.png
17,../texture/rpg-pack/tiles/generic-rpg-tile10.png
18,../texture/rpg-pack/tiles/generic-rpg-tile11.png
19,../texture/rpg-pack/tiles/generic-rpg-tile12.png
20,../texture/rpg-pack/tiles/generic-rpg-tile13.png
21,../texture/rpg-pack/tiles/generic-rpg-tile14.png
22,../texture/rpg-pack/tiles/generic-rpg-tile15.png
23,../texture/rpg-pack/tiles/generic-rpg-tile16.png
24,../texture/rpg-pack/tiles/generic-rpg-tile17.png
25,../texture/rpg-pack/tiles/generic-rpg-tile18.png
26,../texture/rpg-pack/tiles/generic-rpg-tile19.png
27,../texture/rpg-pack/tiles/generic-rpg-tile20.png
28,../texture/rpg-pack/tiles/generic-rpg-tile21.png
29,../texture/rpg-pack/tiles/generic-rpg-tile22.png
30,../texture/rpg-pack/tiles/generic-rpg-tile23.png
31,../texture/rpg-pack/tiles/generic-rpg-tile24.png
32,../texture/rpg-pack/tiles/generic-rpg-tile25.png
33,../texture/rpg-pack/tiles/generic-rpg-tile26.png
34,../texture/rpg-pack/tiles/generic-rpg-tile27.png
35,../texture/rpg-pack/tiles/generic-rpg-tile28.png
36,../texture/rpg-pack/tiles/generic-rpg-tile29.png
37,../texture/rpg-pack/tiles/generic-rpg-tile30.png
38,../texture/rpg-pack/tiles/generic-rpg-tile31.png
39,../texture/rpg-pack/tiles/generic-rpg-tile32.png
40,../texture/rpg-pack/tiles/generic-rpg-tile33.png
41,../texture/rpg-pack/tiles/generic-rpg-tile34.png
42,../texture/rpg-pack/tiles/generic-rpg-tile35.png
43,../texture/rpg-pack/tiles/generic-rpg-tile37.png
44,../texture/rpg-pack/tiles/generic-rpg-tile38.png
45,../texture/rpg-pack/tiles/generic-rpg-tile39.png
46,../texture/rpg-pack/tiles/generic-rpg-tile40.png
47,../texture/rpg-pack/tiles/generic-rpg-tile41.png
48,../texture/rpg-pack/tiles/generic-rpg-tile42.png
49,../texture/rpg-pack/tiles/generic-rpg-tile43.png
50,../texture/rpg-pack/tiles/generic-rpg-tile44.png
51,../texture/rpg-pack/tiles/generic-rpg-tile45.png
52,../texture/rpg-pack/tiles/generic-rpg-tile46.png
53,../texture/rpg-pack/tiles/generic-rpg-tile47.png
54,../texture/rpg-pack/tiles/generic-rpg-tile48.png
55,../texture/rpg-pack/tiles/generic-rpg-tile49.png
56,../texture/rpg-pack/tiles/generic-rpg-tile50.png
57,../texture/rpg-pack/tiles/generic-rpg-tile51.png
58,../texture/rpg-pack/tiles/generic-rpg-tile52.png
59,../texture/rpg-pack/tiles/generic-rpg-tile53.png
60,../texture/rpg-pack/tiles/generic-rpg-tile54.png
61,../texture/rpg-pack/tiles/generic-rpg-tile55.png
62,../texture/rpg-pack/tiles/generic-rpg-tile56.png
63,../texture/rpg-pack/tiles/generic-rpg-tile57.png
64,../texture/rpg-pack/tiles/generic-rpg-tile58.png
65,../texture/rpg-pack/tiles/generic-rpg-tile59.png
66,../texture/rpg-pack/tiles/generic-rpg-tile60.png
67,../texture/rpg-pack/tiles/generic-rpg-tile61.png
68,../texture/rpg-pack/tiles/generic-rpg-tile62.png
69,../texture/rpg-pack/tiles/generic-rpg-tile63.png
70,../texture/rpg-pack/tiles/generic-rpg-tile64.png
71,../texture/rpg-pack/tiles/generic-rpg-tile65.png
72,../texture/rpg-pack/tiles/generic-rpg-tile66.png
73,../texture/rpg-pack/tiles/generic-rpg-tile67.png
74,../texture/rpg-pack/tiles/generic-rpg-tile68.png
75,../texture/rpg-pack/tiles/generic-rpg-tile69.png
76,../texture/rpg-pack/tiles/generic-rpg-tile70.png
77,../texture/rpg-pack/tiles/generic-rpg-tile71.png
